{"stats":{"minecraft:custom":{"minecraft:jump":43,"minecraft:time_since_rest":7343,"minecraft:crouch_one_cm":361,"minecraft:leave_game":6,"minecraft:play_time":11063,"minecraft:sprint_one_cm":7961,"minecraft:time_since_death":7320,"minecraft:walk_one_cm":3864,"minecraft:deaths":1,"minecraft:sneak_time":442,"minecraft:total_world_time":11309,"minecraft:mob_kills":5,"minecraft:fly_one_cm":149068},"minecraft:used":{"cgm:assault_rifle":191},"minecraft:picked_up":{"minecraft:porkchop":6},"minecraft:killed":{"minecraft:pig":4,"minecraft:sheep":1}},"DataVersion":3465}