{
  "minecraft:recipes/decorations/crafting_table": {
    "criteria": {
      "unlock_right_away": "2024-06-13 17:41:32 +0000"
    },
    "done": true
  },
  "minecraft:adventure/adventuring_time": {
    "criteria": {
      "minecraft:snowy_slopes": "2024-06-13 17:42:37 +0000",
      "minecraft:sunflower_plains": "2024-06-13 17:43:06 +0000",
      "minecraft:jagged_peaks": "2024-06-13 17:42:27 +0000",
      "minecraft:flower_forest": "2024-06-13 17:41:33 +0000",
      "minecraft:meadow": "2024-06-13 17:42:19 +0000",
      "minecraft:plains": "2024-06-13 17:43:57 +0000"
    },
    "done": false
  },
  "minecraft:adventure/root": {
    "criteria": {
      "killed_something": "2024-06-13 17:43:37 +0000"
    },
    "done": true
  },
  "minecraft:recipes/food/cooked_porkchop_from_campfire_cooking": {
    "criteria": {
      "has_porkchop": "2024-06-13 17:43:47 +0000"
    },
    "done": true
  },
  "minecraft:recipes/food/cooked_porkchop": {
    "criteria": {
      "has_porkchop": "2024-06-13 17:43:47 +0000"
    },
    "done": true
  },
  "minecraft:recipes/food/cooked_porkchop_from_smoking": {
    "criteria": {
      "has_porkchop": "2024-06-13 17:43:47 +0000"
    },
    "done": true
  },
  "tombstone:adventure/root": {
    "criteria": {
      "auto": "2024-06-13 17:58:34 +0000"
    },
    "done": true
  },
  "DataVersion": 3465
}